{
    "files": [
        {
            "file_name": "Mask Basics.blend",
            "uid": "mask_basics",
            "masks": [
                {
                    "name": "Spots",
                    "thumbnail": "Spots.jpg"
                },
                {
                    "name": "Scratches",
                    "thumbnail": "Scratches.jpg"
                },
                {
                    "name": "Object Random",
                    "thumbnail": "Object Random.jpg"
                },
                {
                    "name": "Image Texture",
                    "thumbnail": "Image Texture.jpg"
                },
                {
                    "name": "Image Lite",
                    "thumbnail": "Image Lite.png"
                },
                {
                    "name": "ID Mask",
                    "thumbnail": "ID Mask.jpg"
                },
                {
                    "name": "Heavy Damage",
                    "thumbnail": "Heavy Damage.jpg"
                },
                {
                    "name": "Gradient Position",
                    "thumbnail": "Gradient Position.jpg"
                },
                {
                    "name": "Fingerprints",
                    "thumbnail": "Fingerprints.jpg"
                },
                {
                    "name": "Dust",
                    "thumbnail": "Dust.jpg"
                },
                {
                    "name": "Droplets Big",
                    "thumbnail": "Droplets Big.jpg"
                },
                {
                    "name": "Droplets",
                    "thumbnail": "Droplets.jpg"
                },
                {
                    "name": "Damage",
                    "thumbnail": "Damage.jpg"
                },
                {
                    "name": "Cracks Detailed",
                    "thumbnail": "Cracks Detailed.jpg"
                },
                {
                    "name": "Cracks",
                    "thumbnail": "Cracks.jpg"
                },
                {
                    "name": "Checker",
                    "thumbnail": "Checker.jpg"
                },
                {
                    "name": "Cells",
                    "thumbnail": "Cells.jpg"
                }
            ],
            "filters": []
        },
        {
            "file_name": "Filters Basic.blend",
            "uid": "filter_basics",
            "masks": [],
            "filters": [
                {
                    "name": "RGB Curves",
                    "thumbnail": "RGB Curves.jpg"
                },
                {
                    "name": "Mix Color",
                    "thumbnail": "Mix Color.png"
                },
                {
                    "name": "Map Range",
                    "thumbnail": "Map Range.jpg"
                },
                {
                    "name": "Invert",
                    "thumbnail": "Invert.jpg"
                },
                {
                    "name": "HSV",
                    "thumbnail": "HSV.jpg"
                },
                {
                    "name": "Gamma",
                    "thumbnail": "Gamma.png"
                },
                {
                    "name": "Color Ramp",
                    "thumbnail": "Color Ramp.jpg"
                },
                {
                    "name": "Clamp",
                    "thumbnail": "Clamp.png"
                },
                {
                    "name": "Bright Contrast",
                    "thumbnail": "Bright Contrast.jpg"
                }
            ]
        },
        {
            "file_name": "Geometry_Based_Masks.blend",
            "uid": "Geometry_Based_Masks",
            "masks": [
                {
                    "name": "Edge Mask - Pointiness C",
                    "thumbnail": "Edge Mask - Pointiness C.png"
                },
                {
                    "name": "Edge and Corner Mask - Bevel C",
                    "thumbnail": "Edge and Corner Mask - Bevel C.png"
                },
                {
                    "name": "Cavity, Crevice, Inner Corner Mask - AO",
                    "thumbnail": "Cavity, Crevice, Inner Corner Mask - AO.png"
                }
            ],
            "filters": []
        },
        {
            "file_name": "Procedural_Noise_Masks.blend",
            "uid": "Procedural_Noise_Masks",
            "masks": [
                {
                    "name": "Spline Noise",
                    "thumbnail": "Spline Noise.png"
                },
                {
                    "name": "Smudged Dirt",
                    "thumbnail": "Smudged Dirt.png"
                },
                {
                    "name": "Rust Patches",
                    "thumbnail": "Rust Patches.png"
                },
                {
                    "name": "Noisy Lines",
                    "thumbnail": "Noisy Lines.png"
                },
                {
                    "name": "Gneiss, Malachite, Agate",
                    "thumbnail": "Gneiss, Malachite, Agate.png"
                },
                {
                    "name": "Dusty",
                    "thumbnail": "Dusty.png"
                },
                {
                    "name": "Distorted Spots",
                    "thumbnail": "Distorted Spots.png"
                },
                {
                    "name": "Dirt Spots",
                    "thumbnail": "Dirt Spots.png"
                },
                {
                    "name": "Dirt",
                    "thumbnail": "Dirt.png"
                },
                {
                    "name": "Concrete, Marble",
                    "thumbnail": "Concrete, Marble.png"
                }
            ],
            "filters": []
        }
    ]
}